year_num,month_num,month_name,region,sales,profit,orders,active_customers
2014,1,January,Central,1539.9060,118.4902,8,8
2014,1,January,East,436.1740,-39.3564,6,6
2014,1,January,South,9322.0920,2346.6640,10,10
2014,1,January,West,2938.7230,24.3929,8,8
2014,2,February,Central,1233.1740,294.8067,11,10
2014,2,February,East,199.7760,62.7536,3,3
2014,2,February,South,2028.9860,279.3395,3,3
2014,2,February,West,1057.9560,225.4086,11,11
2014,3,March,Central,5827.6020,-274.0467,14,14
2014,3,March,East,5943.3880,-809.1755,17,17
2014,3,March,South,32911.1210,47.7248,18,18
2014,3,March,West,11008.8980,1534.2273,22,22
2014,4,April,Central,3712.3400,229.3787,9,9
2014,4,April,East,3054.9060,-220.6252,15,15
2014,4,April,South,12184.6120,1850.6272,18,18
2014,4,April,West,9343.4870,1629.4545,24,23
2014,5,May,Central,4048.5060,-506.0171,20,20
2014,5,May,East,7250.1030,754.4965,18,16
2014,5,May,South,5779.2400,1616.6662,11,11
2014,5,May,West,6570.4380,873.5640,20,20
2014,6,June,Central,9646.2986,1246.1218,21,21
2014,6,June,East,10759.1560,980.1412,20,20
2014,6,June,South,4560.2510,978.4462,9,8
2014,6,June,West,9629.4220,1771.8152,16,16
2014,7,July,Central,6740.5740,-4055.3338,13,13
2014,7,July,East,3568.1460,847.1365,16,16
2014,7,July,South,1829.1200,420.0319,7,7
2014,7,July,West,21808.5530,1946.6828,29,29
2014,8,August,Central,3022.1830,628.4268,9,9
2014,8,August,East,4582.4480,801.8064,20,20
2014,8,August,South,7056.6065,1326.9674,16,16
2014,8,August,West,13248.2310,2560.9044,27,26
2014,9,September,Central,34408.6898,1422.7972,29,29
2014,9,September,East,25292.7890,4174.8133,48,47
2014,9,September,South,7175.3350,-345.0338,18,18
2014,9,September,West,14900.5370,3075.5227,35,35
2014,10,October,Central,8965.7570,1341.2414,16,16
2014,10,October,East,8945.1240,61.9785,19,19
2014,10,October,South,4813.7540,653.7719,14,14
2014,10,October,West,8728.7580,1391.2655,29,29
2014,11,November,Central,14057.5682,-794.1589,41,41
2014,11,November,East,33950.7710,5591.6322,43,42
2014,11,November,South,7428.7530,1343.3429,20,20
2014,11,November,West,23191.6245,3151.3107,47,47
2014,12,December,Central,10635.5660,887.8471,39,39
2014,12,December,East,24697.6760,4854.0084,36,36
2014,12,December,South,8755.9730,1360.5718,21,21
2014,12,December,West,25456.4055,1881.1426,45,45
2015,1,January,Central,2510.5116,-602.8452,7,7
2015,1,January,East,4670.9940,-1633.3880,8,8
2015,1,January,South,4965.8340,-1645.0817,6,6
2015,1,January,West,6026.7360,600.3079,8,8
2015,2,February,Central,2527.5860,330.9740,8,8
2015,2,February,East,6463.1330,1806.5875,13,13
2015,2,February,South,1156.5140,222.5703,5,5
2015,2,February,West,1804.1780,453.7190,10,10
2015,3,March,Central,6730.2680,51.4141,20,20
2015,3,March,East,6011.7410,1474.0029,17,17
2015,3,March,South,10322.0950,3982.8631,16,16
2015,3,March,West,15662.1480,4223.8177,26,26
2015,4,April,Central,11642.0550,992.0608,19,19
2015,4,April,East,7778.7960,1095.2726,20,20
2015,4,April,South,5718.3335,767.3671,9,9
2015,4,April,West,9056.0240,1332.7957,24,24
2015,5,May,Central,8623.9030,963.9297,19,18
2015,5,May,East,7481.4240,1633.5375,20,20
2015,5,May,South,1983.7040,429.2514,11,11
2015,5,May,West,12042.6555,1641.1504,24,24
2015,6,June,Central,3713.1870,-420.6720,14,14
2015,6,June,East,7442.9880,1629.7651,19,19
2015,6,June,South,8552.1670,1092.1180,16,16
2015,6,June,West,5088.9500,1034.3461,19,19
2015,7,July,Central,7605.5670,305.2634,15,15
2015,7,July,East,11872.6640,2350.9841,22,22
2015,7,July,South,2197.2680,608.1512,12,12
2015,7,July,West,7089.8260,24.2496,17,16
2015,8,August,Central,9301.4512,1031.5799,16,16
2015,8,August,East,9463.7720,912.0869,20,20
2015,8,August,South,5584.7500,2173.1713,8,8
2015,8,August,West,12548.3590,1238.9703,24,24
2015,9,September,Central,7578.5200,1563.3415,21,21
2015,9,September,East,29440.9870,2511.7810,44,43
2015,9,September,South,13677.4870,1682.8226,26,26
2015,9,September,West,13898.9240,2451.2176,49,46
2015,10,October,Central,7000.4860,48.6588,22,22
2015,10,October,East,6302.0300,1460.3087,20,19
2015,10,October,South,4085.7275,-470.0490,12,12
2015,10,October,West,14016.6800,1778.4475,33,32
2015,11,November,Central,18903.0860,3261.6008,37,37
2015,11,November,East,34724.7610,7862.3160,51,49
2015,11,November,South,7795.8205,-399.3144,25,25
2015,11,November,West,14548.8960,1750.1860,45,45
2015,12,December,Central,16737.6012,4191.4962,36,36
2015,12,December,East,24678.7670,-12.2413,42,38
2015,12,December,South,5320.2800,-125.2759,24,21
2015,12,December,West,28182.8730,3962.9869,59,59
2016,1,January,Central,5942.1560,474.0926,7,7
2016,1,January,East,4860.0870,799.0267,17,17
2016,1,January,South,4082.4260,907.4586,8,8
2016,1,January,West,3657.8220,644.2454,16,16
2016,2,February,Central,1115.7280,-142.5653,7,7
2016,2,February,East,3149.8210,573.6857,16,16
2016,2,February,South,15613.1040,4185.0610,12,12
2016,2,February,West,3100.1620,388.3981,10,10
2016,3,March,Central,13153.8130,-606.0403,22,22
2016,3,March,East,16764.8570,2444.1875,28,28
2016,3,March,South,4238.1740,563.6023,13,13
2016,3,March,West,17559.0310,1210.2185,23,23
2016,4,April,Central,7462.3520,-1344.2660,19,17
2016,4,April,East,17839.9680,3538.4937,27,27
2016,4,April,South,2965.7100,426.8291,15,15
2016,4,April,West,10482.0090,356.7581,28,28
2016,5,May,Central,11743.9650,1376.8481,22,22
2016,5,May,East,22589.2830,3531.9126,28,27
2016,5,May,South,11960.2330,2269.0842,28,28
2016,5,May,West,10694.2470,1484.3015,30,30
2016,6,June,Central,6553.1480,189.9304,23,23
2016,6,June,East,11737.4060,1598.5540,32,32
2016,6,June,South,3455.8850,686.4374,9,9
2016,6,June,West,18598.0950,2275.4563,33,32
2016,7,July,Central,8894.4640,806.0161,22,22
2016,7,July,East,8524.1970,-291.2733,25,25
2016,7,July,South,6562.4190,971.7937,16,16
2016,7,July,West,15280.8830,2946.3414,33,32
2016,8,August,Central,6982.5548,195.9024,24,23
2016,8,August,East,9264.9570,411.5223,23,23
2016,8,August,South,3050.0105,172.6095,16,16
2016,8,August,West,11817.8520,1282.0351,27,27
2016,9,September,Central,17503.2054,-563.5896,54,52
2016,9,September,East,20262.4920,3168.2010,50,47
2016,9,September,South,12023.4510,2447.6420,28,28
2016,9,September,West,23620.8765,4276.4042,60,59
2016,10,October,Central,25832.3520,10760.8610,24,23
2016,10,October,East,15065.4650,3681.6104,27,27
2016,10,October,South,3165.2340,383.1275,17,17
2016,10,October,West,15624.6940,1417.5436,37,36
2016,11,November,Central,16910.3168,1470.7464,45,43
2016,11,November,East,22982.0890,-4842.2419,48,47
2016,11,November,South,15596.5550,2940.2781,26,26
2016,11,November,West,23923.0050,4442.6249,64,63
2016,12,December,Central,25335.3210,7281.2271,36,36
2016,12,December,East,27645.2000,5527.9174,53,52
2016,12,December,South,10897.0220,1748.8850,26,26
2016,12,December,West,33121.5000,3327.2798,61,61
2017,1,January,Central,21690.6560,2865.9345,21,21
2017,1,January,East,5383.2840,355.8694,14,14
2017,1,January,South,4815.5900,710.3023,10,10
2017,1,January,West,12081.8440,3208.3329,24,24
2017,2,February,Central,3334.8224,-999.1856,10,10
2017,2,February,East,4968.5220,494.4531,17,17
2017,2,February,South,2182.8720,470.3746,5,5
2017,2,February,West,9814.9170,1648.2299,21,21
2017,3,March,Central,15504.5788,2054.6442,35,35
2017,3,March,East,7699.9560,1188.1279,31,31
2017,3,March,South,6643.7200,2394.0741,13,13
2017,3,March,West,29024.0980,9115.0453,39,38
2017,4,April,Central,3383.1236,124.5842,24,24
2017,4,April,East,10230.9060,1199.5098,36,36
2017,4,April,South,9447.7535,1356.6508,25,24
2017,4,April,West,13459.7530,-1747.4548,31,31
2017,5,May,Central,11588.8542,1765.1916,28,28
2017,5,May,East,6119.3690,843.9141,27,27
2017,5,May,South,10943.7410,1082.7368,23,23
2017,5,May,West,15609.1460,2650.7403,40,40
2017,6,June,Central,12966.7612,1209.4964,34,34
2017,6,June,East,15161.2250,3101.7598,35,35
2017,6,June,South,8933.9200,1132.5621,23,21
2017,6,June,West,15919.8195,2779.5174,41,41
2017,7,July,Central,8872.9560,1027.7903,30,30
2017,7,July,East,12321.8230,1118.1237,36,34
2017,7,July,South,3302.0980,577.9524,14,14
2017,7,July,West,20767.5390,4228.7548,31,30
2017,8,August,Central,6252.9940,531.3726,25,25
2017,8,August,East,20758.4660,2182.9194,29,29
2017,8,August,South,10371.5340,181.1379,20,20
2017,8,August,West,25737.8940,6145.5258,37,35
2017,9,September,Central,17342.9970,1130.4661,47,46
2017,9,September,East,32416.0980,2492.6463,63,60
2017,9,September,South,10200.5200,2483.8614,36,34
2017,9,September,West,27907.0370,4884.5818,80,77
2017,10,October,Central,12122.3362,597.5207,38,37
2017,10,October,East,32305.2000,7637.8817,41,41
2017,10,October,South,12136.9510,-2243.2350,22,21
2017,10,October,West,21212.4360,3283.1081,46,44
2017,11,November,Central,15154.9780,-1518.5954,61,59
2017,11,November,East,45633.6390,9390.2568,74,69
2017,11,November,South,28717.4210,-1624.8074,49,49
2017,11,November,West,28941.7870,3443.2497,77,73
2017,12,December,Central,18883.0708,-1238.3754,53,51
2017,12,December,East,20084.4160,3225.0994,67,65
2017,12,December,South,15209.7370,2327.2979,33,33
2017,12,December,West,29652.0950,4169.3249,71,66
