store_id,city,state,region,orders,sales,profit,profit_margin_pct,units
UnitedStates-Central-Aberdeen-SouthDakota,Aberdeen,South Dakota,Central,1,25.5000,6.6300,26.00,3
UnitedStates-Central-Abilene-Texas,Abilene,Texas,Central,1,1.3920,-3.7584,-270.00,2
UnitedStates-Central-Allen-Texas,Allen,Texas,Central,2,290.2060,-39.8775,-13.74,13
UnitedStates-Central-Amarillo-Texas,Amarillo,Texas,Central,7,3773.0628,-387.9683,-10.28,32
UnitedStates-Central-AnnArbor-Michigan,Ann Arbor,Michigan,Central,2,889.2730,228.9158,25.74,23
UnitedStates-Central-AppleValley-Minnesota,Apple Valley,Minnesota,Central,2,137.9400,8.9706,6.50,5
UnitedStates-Central-Appleton-Wisconsin,Appleton,Wisconsin,Central,2,1671.3100,554.7663,33.19,12
UnitedStates-Central-Arlington-Texas,Arlington,Texas,Central,10,5847.7720,-254.3886,-4.35,131
UnitedStates-Central-ArlingtonHeights-Illinois,Arlington Heights,Illinois,Central,1,14.1120,1.2348,8.75,6
UnitedStates-Central-Aurora-Illinois,Aurora,Illinois,Central,20,7572.9680,-1894.7196,-25.02,128
UnitedStates-Central-Austin-Texas,Austin,Texas,Central,18,6057.9820,-20.3938,-0.34,131
UnitedStates-Central-Baytown-Texas,Baytown,Texas,Central,1,10.3680,3.6288,35.00,2
UnitedStates-Central-Beaumont-Texas,Beaumont,Texas,Central,3,472.1160,59.1164,12.52,21
UnitedStates-Central-Bedford-Texas,Bedford,Texas,Central,2,226.2560,10.6202,4.69,25
UnitedStates-Central-Bloomington-Illinois,Bloomington,Illinois,Central,6,963.9400,-432.1283,-44.83,27
UnitedStates-Central-Bloomington-Indiana,Bloomington,Indiana,Central,4,603.8000,182.7733,30.27,31
UnitedStates-Central-Bolingbrook-Illinois,Bolingbrook,Illinois,Central,3,218.3080,-4.6610,-2.14,23
UnitedStates-Central-BrokenArrow-Oklahoma,Broken Arrow,Oklahoma,Central,3,2439.5300,575.5226,23.59,17
UnitedStates-Central-Brownsville-Texas,Brownsville,Texas,Central,4,1292.2268,202.0720,15.64,27
UnitedStates-Central-Bryan-Texas,Bryan,Texas,Central,2,616.6560,-213.7116,-34.66,27
UnitedStates-Central-BuffaloGrove-Illinois,Buffalo Grove,Illinois,Central,2,831.3990,-89.6478,-10.78,10
UnitedStates-Central-Burlington-Iowa,Burlington,Iowa,Central,2,57.4300,26.6714,46.44,9
UnitedStates-Central-Canton-Michigan,Canton,Michigan,Central,2,818.1300,149.2776,18.25,13
UnitedStates-Central-CarolStream-Illinois,Carol Stream,Illinois,Central,1,1305.8100,-39.8683,-3.05,18
UnitedStates-Central-Carrollton-Texas,Carrollton,Texas,Central,8,2200.6460,-470.2139,-21.37,50
UnitedStates-Central-CedarHill-Texas,Cedar Hill,Texas,Central,2,122.3760,42.8316,35.00,6
UnitedStates-Central-CedarRapids-Iowa,Cedar Rapids,Iowa,Central,1,278.4000,80.7360,29.00,3
UnitedStates-Central-Champaign-Illinois,Champaign,Illinois,Central,1,151.9600,-182.3520,-120.00,5
UnitedStates-Central-Chicago-Illinois,Chicago,Illinois,Central,171,48539.5410,-6654.5688,-13.71,1132
UnitedStates-Central-CollegeStation-Texas,College Station,Texas,Central,2,291.0420,-117.6224,-40.41,19
UnitedStates-Central-Columbia-Missouri,Columbia,Missouri,Central,3,2990.0400,1106.7719,37.02,38
UnitedStates-Central-Columbus-Indiana,Columbus,Indiana,Central,16,7960.4000,2522.4846,31.69,114
UnitedStates-Central-Conroe-Texas,Conroe,Texas,Central,1,111.6720,6.9795,6.25,9
UnitedStates-Central-CoonRapids-Minnesota,Coon Rapids,Minnesota,Central,1,503.1300,136.4532,27.12,7
UnitedStates-Central-Coppell-Texas,Coppell,Texas,Central,2,135.9360,41.4892,30.52,17
UnitedStates-Central-CorpusChristi-Texas,Corpus Christi,Texas,Central,3,220.5440,-43.7304,-19.83,33
UnitedStates-Central-CottageGrove-Minnesota,Cottage Grove,Minnesota,Central,1,144.3600,54.7968,37.96,6
UnitedStates-Central-Dallas-Texas,Dallas,Texas,Central,80,20131.9322,-2846.5257,-14.14,555
UnitedStates-Central-Danville-Illinois,Danville,Illinois,Central,1,43.3720,-69.3952,-160.00,7
UnitedStates-Central-Dearborn-Michigan,Dearborn,Michigan,Central,2,1603.3100,467.3864,29.15,23
UnitedStates-Central-DearbornHeights-Michigan,Dearborn Heights,Michigan,Central,2,1051.5700,140.8905,13.40,19
UnitedStates-Central-Decatur-Illinois,Decatur,Illinois,Central,9,3169.4730,-311.0325,-9.81,77
UnitedStates-Central-DeerPark-Texas,Deer Park,Texas,Central,1,6.9240,-10.3860,-150.00,6
UnitedStates-Central-DesMoines-Iowa,Des Moines,Iowa,Central,5,2008.8400,360.4009,17.94,43
UnitedStates-Central-DesPlaines-Illinois,Des Plaines,Illinois,Central,2,1493.2120,-236.7674,-15.86,24
UnitedStates-Central-Detroit-Michigan,Detroit,Michigan,Central,53,42446.9440,13181.7908,31.05,441
UnitedStates-Central-Dubuque-Iowa,Dubuque,Iowa,Central,2,1687.3000,477.6744,28.31,18
UnitedStates-Central-Eagan-Minnesota,Eagan,Minnesota,Central,3,214.2800,87.0338,40.62,22
UnitedStates-Central-EauClaire-Wisconsin,Eau Claire,Wisconsin,Central,4,1645.6500,427.4978,25.98,21
UnitedStates-Central-Edinburg-Texas,Edinburg,Texas,Central,2,88.2760,27.8086,31.50,11
UnitedStates-Central-Edmond-Oklahoma,Edmond,Oklahoma,Central,1,959.5500,243.1039,25.34,9
UnitedStates-Central-ElPaso-Texas,El Paso,Texas,Central,10,3546.0640,-179.9007,-5.07,65
UnitedStates-Central-Elkhart-Indiana,Elkhart,Indiana,Central,1,171.4300,16.6721,9.73,7
UnitedStates-Central-Elmhurst-Illinois,Elmhurst,Illinois,Central,2,891.6280,-212.1321,-23.79,14
UnitedStates-Central-Evanston-Illinois,Evanston,Illinois,Central,3,1753.7990,411.8838,23.49,11
UnitedStates-Central-Fargo-NorthDakota,Fargo,North Dakota,Central,2,919.9100,230.1497,25.02,30
UnitedStates-Central-FortWorth-Texas,Fort Worth,Texas,Central,12,6602.7064,298.7327,4.52,102
UnitedStates-Central-Frankfort-Illinois,Frankfort,Illinois,Central,2,97.6320,-26.0560,-26.69,10
UnitedStates-Central-Franklin-Wisconsin,Franklin,Wisconsin,Central,5,4774.2500,1292.7752,27.08,48
UnitedStates-Central-Freeport-Illinois,Freeport,Illinois,Central,2,215.8200,-127.4498,-59.05,12
UnitedStates-Central-Fremont-Nebraska,Fremont,Nebraska,Central,7,1119.0100,179.4696,16.04,33
UnitedStates-Central-Frisco-Texas,Frisco,Texas,Central,2,57.5040,-18.8016,-32.70,10
UnitedStates-Central-GardenCity-Kansas,Garden City,Kansas,Central,3,312.3800,90.6259,29.01,8
UnitedStates-Central-Garland-Texas,Garland,Texas,Central,3,67.7040,-32.3730,-47.82,12
UnitedStates-Central-Gladstone-Missouri,Gladstone,Missouri,Central,1,164.3400,52.5888,32.00,5
UnitedStates-Central-Glenview-Illinois,Glenview,Illinois,Central,1,158.3760,13.8579,8.75,3
UnitedStates-Central-GrandIsland-Nebraska,Grand Island,Nebraska,Central,1,15.9600,7.9800,50.00,2
UnitedStates-Central-GrandPrairie-Texas,Grand Prairie,Texas,Central,7,1012.4860,-85.2311,-8.42,45
UnitedStates-Central-GrandRapids-Michigan,Grand Rapids,Michigan,Central,6,526.1300,233.9227,44.46,31
UnitedStates-Central-Grapevine-Texas,Grapevine,Texas,Central,1,41.5280,8.7749,21.13,12
UnitedStates-Central-GreenBay-Wisconsin,Green Bay,Wisconsin,Central,4,527.3200,228.4764,43.33,14
UnitedStates-Central-Greenwood-Indiana,Greenwood,Indiana,Central,2,1665.0500,471.7322,28.33,19
UnitedStates-Central-HaltomCity-Texas,Haltom City,Texas,Central,2,269.3280,51.9558,19.29,13
UnitedStates-Central-Harlingen-Texas,Harlingen,Texas,Central,2,471.4040,18.1275,3.85,21
UnitedStates-Central-HighlandPark-Illinois,Highland Park,Illinois,Central,3,2035.0960,-169.9406,-8.35,28
UnitedStates-Central-Holland-Michigan,Holland,Michigan,Central,2,137.8600,66.6588,48.35,11
UnitedStates-Central-Houston-Texas,Houston,Texas,Central,188,64504.7604,-10153.5485,-15.74,1466
UnitedStates-Central-Huntsville-Texas,Huntsville,Texas,Central,10,6710.6168,-843.4264,-12.57,121
UnitedStates-Central-Independence-Missouri,Independence,Missouri,Central,2,2417.3700,975.6630,40.36,6
UnitedStates-Central-Indianapolis-Indiana,Indianapolis,Indiana,Central,12,9306.4200,2741.6538,29.46,95
UnitedStates-Central-IowaCity-Iowa,Iowa City,Iowa,Central,1,9.9900,4.4955,45.00,1
UnitedStates-Central-Irving-Texas,Irving,Texas,Central,5,605.5000,-100.5125,-16.60,23
UnitedStates-Central-Jackson-Michigan,Jackson,Michigan,Central,14,15420.0360,5525.1992,35.83,132
UnitedStates-Central-JeffersonCity-Missouri,Jefferson City,Missouri,Central,1,86.6200,8.6620,10.00,2
UnitedStates-Central-Keller-Texas,Keller,Texas,Central,1,6.0000,2.1000,35.00,2
UnitedStates-Central-Kenosha-Wisconsin,Kenosha,Wisconsin,Central,3,3906.7300,1028.0728,26.32,37
UnitedStates-Central-Kirkwood-Missouri,Kirkwood,Missouri,Central,1,241.3400,47.1344,19.53,7
UnitedStates-Central-LaCrosse-Wisconsin,La Crosse,Wisconsin,Central,2,830.4100,272.0761,32.76,22
UnitedStates-Central-LaPorte-Indiana,La Porte,Indiana,Central,3,1021.3400,224.5130,21.98,33
UnitedStates-Central-LaPorte-Texas,La Porte,Texas,Central,1,30.3920,-32.5272,-107.03,6
UnitedStates-Central-Lafayette-Indiana,Lafayette,Indiana,Central,7,19630.4500,8976.0973,45.73,43
UnitedStates-Central-Lakeville-Minnesota,Lakeville,Minnesota,Central,5,4260.9500,1346.6021,31.60,84
UnitedStates-Central-Lansing-Michigan,Lansing,Michigan,Central,3,1610.2860,412.8734,25.64,25
UnitedStates-Central-Laredo-Texas,Laredo,Texas,Central,4,1024.3400,-54.6139,-5.33,37
UnitedStates-Central-Lawrence-Indiana,Lawrence,Indiana,Central,6,1545.1300,532.7430,34.48,52
UnitedStates-Central-Lawton-Oklahoma,Lawton,Oklahoma,Central,2,1057.4900,235.5085,22.27,13
UnitedStates-Central-LeagueCity-Texas,League City,Texas,Central,2,875.3680,-31.3499,-3.58,25
UnitedStates-Central-LincolnPark-Michigan,Lincoln Park,Michigan,Central,2,387.6020,68.3691,17.64,11
UnitedStates-Central-Lubbock-Texas,Lubbock,Texas,Central,4,592.5640,147.1387,24.83,22
UnitedStates-Central-Madison-Wisconsin,Madison,Wisconsin,Central,4,5346.7900,1123.6552,21.02,37
UnitedStates-Central-Manhattan-Kansas,Manhattan,Kansas,Central,1,273.9600,10.9584,4.00,2
UnitedStates-Central-Mansfield-Texas,Mansfield,Texas,Central,2,558.8770,-66.7913,-11.95,13
UnitedStates-Central-MapleGrove-Minnesota,Maple Grove,Minnesota,Central,2,882.8700,385.0101,43.61,13
UnitedStates-Central-Marion-Iowa,Marion,Iowa,Central,3,358.3600,164.2909,45.85,22
UnitedStates-Central-Mcallen-Texas,Mcallen,Texas,Central,4,866.7160,-163.8717,-18.91,54
UnitedStates-Central-Mesquite-Texas,Mesquite,Texas,Central,3,52.1480,-87.6200,-168.02,14
UnitedStates-Central-Midland-Michigan,Midland,Michigan,Central,5,5291.5120,2293.6828,43.35,39
UnitedStates-Central-Milwaukee-Wisconsin,Milwaukee,Wisconsin,Central,23,11410.2200,2793.0851,24.48,201
UnitedStates-Central-Minneapolis-Minnesota,Minneapolis,Minnesota,Central,13,16870.5400,6824.5846,40.45,80
UnitedStates-Central-Mishawaka-Indiana,Mishawaka,Indiana,Central,2,776.2400,96.5920,12.44,11
UnitedStates-Central-MissouriCity-Texas,Missouri City,Texas,Central,1,6.3700,-9.5550,-150.00,7
UnitedStates-Central-Moorhead-Minnesota,Moorhead,Minnesota,Central,2,543.8600,101.4106,18.65,9
UnitedStates-Central-MountPleasant-Michigan,Mount Pleasant,Michigan,Central,1,17.1400,6.1704,36.00,2
UnitedStates-Central-Muskogee-Oklahoma,Muskogee,Oklahoma,Central,2,1721.7000,442.5966,25.71,14
UnitedStates-Central-Naperville-Illinois,Naperville,Illinois,Central,5,1288.3030,-146.5324,-11.37,33
UnitedStates-Central-NewAlbany-Indiana,New Albany,Indiana,Central,1,209.5500,73.3529,35.00,15
UnitedStates-Central-NewCastle-Indiana,New Castle,Indiana,Central,1,84.6100,23.0839,27.28,9
UnitedStates-Central-Noblesville-Indiana,Noblesville,Indiana,Central,2,3091.1800,353.3130,11.43,15
UnitedStates-Central-Norfolk-Nebraska,Norfolk,Nebraska,Central,1,17.4300,8.0178,46.00,3
UnitedStates-Central-Normal-Illinois,Normal,Illinois,Central,1,366.7440,-110.0232,-30.00,4
UnitedStates-Central-Norman-Oklahoma,Norman,Oklahoma,Central,2,1351.3300,269.5287,19.95,9
UnitedStates-Central-OakPark-Illinois,Oak Park,Illinois,Central,1,10.1920,1.0192,10.00,7
UnitedStates-Central-OakPark-Michigan,Oak Park,Michigan,Central,1,580.8600,151.0236,26.00,5
UnitedStates-Central-Odessa-Texas,Odessa,Texas,Central,4,976.1240,-69.7118,-7.14,22
UnitedStates-Central-OklahomaCity-Oklahoma,Oklahoma City,Oklahoma,Central,11,6596.8200,1580.7607,23.96,78
UnitedStates-Central-Olathe-Kansas,Olathe,Kansas,Central,2,895.7900,207.4108,23.15,15
UnitedStates-Central-Omaha-Nebraska,Omaha,Nebraska,Central,14,6312.5300,1841.6268,29.17,98
UnitedStates-Central-OrlandPark-Illinois,Orland Park,Illinois,Central,1,339.9600,67.9920,20.00,5
UnitedStates-Central-Oswego-Illinois,Oswego,Illinois,Central,1,321.9780,-536.1276,-166.51,13
UnitedStates-Central-OverlandPark-Kansas,Overland Park,Kansas,Central,3,606.9100,203.5218,33.53,23
UnitedStates-Central-Palatine-Illinois,Palatine,Illinois,Central,1,116.3120,23.2624,20.00,7
UnitedStates-Central-ParkRidge-Illinois,Park Ridge,Illinois,Central,3,685.0000,-238.4500,-34.81,17
UnitedStates-Central-Pasadena-Texas,Pasadena,Texas,Central,9,2477.4580,-340.1050,-13.73,59
UnitedStates-Central-Pearland-Texas,Pearland,Texas,Central,2,494.9960,39.4131,7.96,13
UnitedStates-Central-Peoria-Illinois,Peoria,Illinois,Central,4,501.4800,-72.7587,-14.51,23
UnitedStates-Central-Pharr-Texas,Pharr,Texas,Central,2,1540.7080,-237.5528,-15.42,22
UnitedStates-Central-Plano-Texas,Plano,Texas,Central,8,3530.3746,-383.0554,-10.85,48
UnitedStates-Central-PortArthur-Texas,Port Arthur,Texas,Central,3,737.0528,105.7760,14.35,12
UnitedStates-Central-Portage-Indiana,Portage,Indiana,Central,1,16.2800,6.5120,40.00,2
UnitedStates-Central-Quincy-Illinois,Quincy,Illinois,Central,6,330.2840,49.1019,14.87,40
UnitedStates-Central-RapidCity-SouthDakota,Rapid City,South Dakota,Central,1,152.6400,44.7684,29.33,4
UnitedStates-Central-Richardson-Texas,Richardson,Texas,Central,1,1288.4640,-24.4893,-1.90,12
UnitedStates-Central-Richmond-Indiana,Richmond,Indiana,Central,14,6235.1500,1881.8620,30.18,107
UnitedStates-Central-Rochester-Minnesota,Rochester,Minnesota,Central,8,1957.4000,520.2040,26.58,50
UnitedStates-Central-RochesterHills-Michigan,Rochester Hills,Michigan,Central,1,132.5200,54.3332,41.00,4
UnitedStates-Central-Rockford-Illinois,Rockford,Illinois,Central,8,3166.2280,-1149.5078,-36.31,64
UnitedStates-Central-Romeoville-Illinois,Romeoville,Illinois,Central,1,8.9520,-14.7708,-165.00,2
UnitedStates-Central-Roseville-Michigan,Roseville,Michigan,Central,4,638.3300,268.9149,42.13,21
UnitedStates-Central-Roseville-Minnesota,Roseville,Minnesota,Central,2,2215.5200,667.5272,30.13,20
UnitedStates-Central-RoundRock-Texas,Round Rock,Texas,Central,3,4854.0528,-1183.4313,-24.38,23
UnitedStates-Central-RoyalOak-Michigan,Royal Oak,Michigan,Central,2,35.3400,16.9632,48.00,4
UnitedStates-Central-Saginaw-Michigan,Saginaw,Michigan,Central,2,395.8600,77.1801,19.50,24
UnitedStates-Central-SaintCharles-Illinois,Saint Charles,Illinois,Central,3,1388.7100,216.6398,15.60,20
UnitedStates-Central-SaintCharles-Missouri,Saint Charles,Missouri,Central,3,270.9400,94.8436,35.01,13
UnitedStates-Central-SaintCloud-Minnesota,Saint Cloud,Minnesota,Central,1,1331.8200,469.6140,35.26,13
UnitedStates-Central-SaintLouis-Missouri,Saint Louis,Missouri,Central,4,285.9600,98.5541,34.46,26
UnitedStates-Central-SaintPaul-Minnesota,Saint Paul,Minnesota,Central,2,192.8300,24.8842,12.90,11
UnitedStates-Central-SaintPeters-Missouri,Saint Peters,Missouri,Central,1,697.1600,146.4036,21.00,4
UnitedStates-Central-SanAngelo-Texas,San Angelo,Texas,Central,2,650.6360,-58.5532,-9.00,13
UnitedStates-Central-SanAntonio-Texas,San Antonio,Texas,Central,27,21843.5280,-7299.0502,-33.42,247
UnitedStates-Central-SanMarcos-Texas,San Marcos,Texas,Central,1,108.4440,-19.3413,-17.84,12
UnitedStates-Central-Sheboygan-Wisconsin,Sheboygan,Wisconsin,Central,1,79.7400,34.3419,43.07,10
UnitedStates-Central-SiouxFalls-SouthDakota,Sioux Falls,South Dakota,Central,3,1137.4200,343.4299,30.19,35
UnitedStates-Central-Skokie-Illinois,Skokie,Illinois,Central,5,568.8320,-346.8700,-60.98,44
UnitedStates-Central-SouthBend-Indiana,South Bend,Indiana,Central,1,1238.3300,279.5512,22.57,25
UnitedStates-Central-Springfield-Missouri,Springfield,Missouri,Central,14,15051.3800,3905.5891,25.95,151
UnitedStates-Central-SterlingHeights-Michigan,Sterling Heights,Michigan,Central,3,110.0400,33.0676,30.05,11
UnitedStates-Central-Superior-Wisconsin,Superior,Wisconsin,Central,2,1299.7300,514.0822,39.55,37
UnitedStates-Central-Taylor-Michigan,Taylor,Michigan,Central,3,353.7000,44.8682,12.69,7
UnitedStates-Central-TexasCity-Texas,Texas City,Texas,Central,2,790.9720,20.2218,2.56,7
UnitedStates-Central-TheColony-Texas,The Colony,Texas,Central,2,142.1600,31.6586,22.27,14
UnitedStates-Central-TinleyPark-Illinois,Tinley Park,Illinois,Central,1,22.2880,-8.9152,-40.00,7
UnitedStates-Central-Trenton-Michigan,Trenton,Michigan,Central,4,1765.1950,652.0998,36.94,54
UnitedStates-Central-Tulsa-Oklahoma,Tulsa,Oklahoma,Central,13,5556.9700,1506.9350,27.12,107
UnitedStates-Central-Tyler-Texas,Tyler,Texas,Central,2,347.2060,-443.7086,-127.79,16
UnitedStates-Central-Urbandale-Iowa,Urbandale,Iowa,Central,2,149.1200,57.7180,38.71,12
UnitedStates-Central-Waco-Texas,Waco,Texas,Central,4,606.1072,-520.1034,-85.81,17
UnitedStates-Central-Waterloo-Iowa,Waterloo,Iowa,Central,1,30.3200,11.8248,39.00,4
UnitedStates-Central-Waukesha-Wisconsin,Waukesha,Wisconsin,Central,1,54.5000,14.1700,26.00,5
UnitedStates-Central-Wausau-Wisconsin,Wausau,Wisconsin,Central,1,317.4800,90.4306,28.48,14
UnitedStates-Central-WestAllis-Wisconsin,West Allis,Wisconsin,Central,1,250.4800,28.3708,11.33,5
UnitedStates-Central-Westland-Michigan,Westland,Michigan,Central,3,2057.9760,389.5995,18.93,46
UnitedStates-Central-Wheeling-Illinois,Wheeling,Illinois,Central,2,737.1420,-293.3178,-39.79,9
UnitedStates-Central-Wichita-Kansas,Wichita,Kansas,Central,5,825.2700,323.9266,39.25,26
UnitedStates-Central-Woodbury-Minnesota,Woodbury,Minnesota,Central,2,607.6500,196.0962,32.27,11
UnitedStates-Central-Woodstock-Illinois,Woodstock,Illinois,Central,3,857.2500,-24.8859,-2.90,15
UnitedStates-East-Akron-Ohio,Akron,Ohio,East,10,2729.9860,-186.6356,-6.84,65
UnitedStates-East-Allentown-Pennsylvania,Allentown,Pennsylvania,East,2,853.2520,-226.4504,-26.54,20
UnitedStates-East-Altoona-Pennsylvania,Altoona,Pennsylvania,East,1,20.4510,-1.1835,-5.79,9
UnitedStates-East-Andover-Massachusetts,Andover,Massachusetts,East,1,435.8500,124.1886,28.49,13
UnitedStates-East-AtlanticCity-NewJersey,Atlantic City,New Jersey,East,1,23.3600,11.6800,50.00,2
UnitedStates-East-Auburn-NewYork,Auburn,New York,East,6,1384.1580,280.8048,20.29,63
UnitedStates-East-Baltimore-Maryland,Baltimore,Maryland,East,21,6156.8420,1676.1980,27.22,184
UnitedStates-East-Bangor-Maine,Bangor,Maine,East,2,1164.4500,422.2204,36.26,29
UnitedStates-East-Bayonne-NewJersey,Bayonne,New Jersey,East,1,183.4000,79.4030,43.29,9
UnitedStates-East-Belleville-NewJersey,Belleville,New Jersey,East,4,1891.6000,283.6492,15.00,32
UnitedStates-East-Bethlehem-Pennsylvania,Bethlehem,Pennsylvania,East,2,1689.6340,-1003.0958,-59.37,18
UnitedStates-East-Beverly-Massachusetts,Beverly,Massachusetts,East,1,2583.1900,654.9194,25.35,15
UnitedStates-East-BowlingGreen-Ohio,Bowling Green,Ohio,East,4,1865.5650,149.9449,8.04,25
UnitedStates-East-Bridgeton-NewJersey,Bridgeton,New Jersey,East,1,52.4100,3.4416,6.57,6
UnitedStates-East-Bristol-Connecticut,Bristol,Connecticut,East,3,814.5800,208.1567,25.55,17
UnitedStates-East-Buffalo-NewYork,Buffalo,New York,East,7,9063.4960,992.8791,10.95,46
UnitedStates-East-Burlington-Vermont,Burlington,Vermont,East,6,8929.3700,2244.9783,25.14,50
UnitedStates-East-Cambridge-Massachusetts,Cambridge,Massachusetts,East,3,502.0900,173.7276,34.60,19
UnitedStates-East-Chester-Pennsylvania,Chester,Pennsylvania,East,4,1968.4790,48.3578,2.46,55
UnitedStates-East-Cincinnati-Ohio,Cincinnati,Ohio,East,12,1611.9760,175.3371,10.88,58
UnitedStates-East-Cleveland-Ohio,Cleveland,Ohio,East,21,6346.1850,-848.0079,-13.36,138
UnitedStates-East-Clifton-NewJersey,Clifton,New Jersey,East,1,336.8200,98.5884,29.27,9
UnitedStates-East-Clinton-Maryland,Clinton,Maryland,East,10,5514.2510,1274.2421,23.11,119
UnitedStates-East-Columbia-Maryland,Columbia,Maryland,East,9,10962.3500,3775.2237,34.44,90
UnitedStates-East-Columbus-Ohio,Columbus,Ohio,East,55,15900.7930,-729.5052,-4.59,464
UnitedStates-East-Concord-NewHampshire,Concord,New Hampshire,East,10,2827.6300,787.6271,27.85,64
UnitedStates-East-Cranston-RhodeIsland,Cranston,Rhode Island,East,5,4024.9160,637.4977,15.84,52
UnitedStates-East-CuyahogaFalls-Ohio,Cuyahoga Falls,Ohio,East,3,29.0940,-12.5752,-43.22,13
UnitedStates-East-Danbury-Connecticut,Danbury,Connecticut,East,1,27.4600,9.8856,36.00,2
UnitedStates-East-Dover-Delaware,Dover,Delaware,East,6,449.1200,116.1310,25.86,22
UnitedStates-East-Dover-NewHampshire,Dover,New Hampshire,East,5,4428.9540,905.3631,20.44,53
UnitedStates-East-Dublin-Ohio,Dublin,Ohio,East,5,2379.1600,-351.3045,-14.77,51
UnitedStates-East-EastOrange-NewJersey,East Orange,New Jersey,East,2,377.2700,174.6191,46.28,20
UnitedStates-East-Elyria-Ohio,Elyria,Ohio,East,1,1.8240,-1.3984,-76.67,1
UnitedStates-East-Everett-Massachusetts,Everett,Massachusetts,East,8,5661.8780,1360.0809,24.02,83
UnitedStates-East-Fairfield-Connecticut,Fairfield,Connecticut,East,12,4935.5770,1221.6226,24.75,80
UnitedStates-East-Fairfield-Ohio,Fairfield,Ohio,East,10,3077.6970,-129.2881,-4.20,75
UnitedStates-East-Franklin-Massachusetts,Franklin,Massachusetts,East,9,5534.5590,464.6287,8.40,60
UnitedStates-East-Freeport-NewYork,Freeport,New York,East,4,523.3300,107.3618,20.52,17
UnitedStates-East-Gaithersburg-Maryland,Gaithersburg,Maryland,East,1,405.9200,105.5410,26.00,5
UnitedStates-East-GroveCity-Ohio,Grove City,Ohio,East,1,123.5880,13.1952,10.68,12
UnitedStates-East-Hackensack-NewJersey,Hackensack,New Jersey,East,2,1456.1600,451.2547,30.99,28
UnitedStates-East-Hagerstown-Maryland,Hagerstown,Maryland,East,1,43.8000,20.5860,47.00,6
UnitedStates-East-Hamilton-Ohio,Hamilton,Ohio,East,3,328.2240,-9.3850,-2.86,13
UnitedStates-East-Hempstead-NewYork,Hempstead,New York,East,4,2589.5860,629.0646,24.29,51
UnitedStates-East-Holyoke-Massachusetts,Holyoke,Massachusetts,East,1,301.9600,60.3920,20.00,2
UnitedStates-East-Jamestown-NewYork,Jamestown,New York,East,2,4708.7900,1285.7715,27.31,9
UnitedStates-East-Kent-Ohio,Kent,Ohio,East,3,346.3020,-11.3007,-3.26,20
UnitedStates-East-Lakewood-NewJersey,Lakewood,New Jersey,East,11,14852.0400,3526.6735,23.75,93
UnitedStates-East-Lakewood-Ohio,Lakewood,Ohio,East,13,1756.3240,-336.6081,-19.17,76
UnitedStates-East-Lancaster-Ohio,Lancaster,Ohio,East,15,8202.6250,-7149.6180,-87.16,121
UnitedStates-East-Lancaster-Pennsylvania,Lancaster,Pennsylvania,East,8,1211.3950,-168.8876,-13.94,35
UnitedStates-East-Laurel-Maryland,Laurel,Maryland,East,1,152.5900,46.1733,30.26,5
UnitedStates-East-Lawrence-Massachusetts,Lawrence,Massachusetts,East,15,6109.0620,1849.4035,30.27,114
UnitedStates-East-Leominster-Massachusetts,Leominster,Massachusetts,East,2,217.4900,79.5016,36.55,20
UnitedStates-East-Lewiston-Maine,Lewiston,Maine,East,1,106.0800,32.2658,30.42,6
UnitedStates-East-Linden-NewJersey,Linden,New Jersey,East,1,115.3600,49.6048,43.00,7
UnitedStates-East-Lindenhurst-NewYork,Lindenhurst,New York,East,1,55.4800,26.6304,48.00,1
UnitedStates-East-LongBeach-NewYork,Long Beach,New York,East,22,8521.2000,1362.5350,15.99,142
UnitedStates-East-Lorain-Ohio,Lorain,Ohio,East,5,2015.1110,-632.9229,-31.41,35
UnitedStates-East-Lowell-Massachusetts,Lowell,Massachusetts,East,7,4837.9300,1312.5717,27.13,60
UnitedStates-East-Malden-Massachusetts,Malden,Massachusetts,East,2,228.3800,31.1692,13.65,9
UnitedStates-East-Manchester-Connecticut,Manchester,Connecticut,East,4,2126.2800,600.5054,28.24,42
UnitedStates-East-Marion-Ohio,Marion,Ohio,East,8,3010.9860,-544.6532,-18.09,41
UnitedStates-East-Marlborough-Massachusetts,Marlborough,Massachusetts,East,1,206.6400,67.6068,32.72,6
UnitedStates-East-Mason-Ohio,Mason,Ohio,East,1,94.2640,-4.2352,-4.49,7
UnitedStates-East-Medina-Ohio,Medina,Ohio,East,3,2477.7220,-1343.0446,-54.20,38
UnitedStates-East-Mentor-Ohio,Mentor,Ohio,East,1,693.1300,-123.2742,-17.79,15
UnitedStates-East-Meriden-Connecticut,Meriden,Connecticut,East,5,1550.6800,470.2212,30.32,32
UnitedStates-East-Middletown-Connecticut,Middletown,Connecticut,East,7,1154.6100,157.6159,13.65,28
UnitedStates-East-Milford-Connecticut,Milford,Connecticut,East,3,961.7400,319.0540,33.17,30
UnitedStates-East-Morristown-NewJersey,Morristown,New Jersey,East,5,5033.1000,1838.2271,36.52,31
UnitedStates-East-MountVernon-NewYork,Mount Vernon,New York,East,5,2119.6320,662.5146,31.26,33
UnitedStates-East-Nashua-NewHampshire,Nashua,New Hampshire,East,2,35.9400,13.5126,37.60,10
UnitedStates-East-NewBedford-Massachusetts,New Bedford,Massachusetts,East,4,235.9700,50.4861,21.40,22
UnitedStates-East-NewBrunswick-NewJersey,New Brunswick,New Jersey,East,1,14.7700,7.1567,48.45,3
UnitedStates-East-NewRochelle-NewYork,New Rochelle,New York,East,5,1255.2280,368.4110,29.35,27
UnitedStates-East-NewYorkCity-NewYork,New York City,New York,East,450,256368.1610,62036.9837,24.20,3417
UnitedStates-East-Newark-Delaware,Newark,Delaware,East,29,20448.0500,8086.1715,39.54,225
UnitedStates-East-Newark-Ohio,Newark,Ohio,East,16,8128.0690,-2292.4127,-28.20,137
UnitedStates-East-NiagaraFalls-NewYork,Niagara Falls,New York,East,2,199.8420,59.2383,29.64,12
UnitedStates-East-Norwich-Connecticut,Norwich,Connecticut,East,4,414.0400,164.0896,39.63,12
UnitedStates-East-Oceanside-NewYork,Oceanside,New York,East,8,3851.1260,655.1669,17.01,82
UnitedStates-East-Orange-NewJersey,Orange,New Jersey,East,5,211.1100,66.5698,31.53,17
UnitedStates-East-Parma-Ohio,Parma,Ohio,East,4,3879.7560,31.0618,0.80,40
UnitedStates-East-Passaic-NewJersey,Passaic,New Jersey,East,1,1562.0860,356.8186,22.84,24
UnitedStates-East-Paterson-NewJersey,Paterson,New Jersey,East,6,2243.2100,740.4900,33.01,62
UnitedStates-East-PerthAmboy-NewJersey,Perth Amboy,New Jersey,East,4,1717.0800,633.6440,36.90,22
UnitedStates-East-Philadelphia-Pennsylvania,Philadelphia,Pennsylvania,East,265,109077.0130,-13837.7674,-12.69,1981
UnitedStates-East-Plainfield-NewJersey,Plainfield,New Jersey,East,7,4526.8500,1235.6657,27.30,49
UnitedStates-East-Providence-RhodeIsland,Providence,Rhode Island,East,13,15980.6500,5505.6569,34.45,118
UnitedStates-East-Quincy-Massachusetts,Quincy,Massachusetts,East,5,946.1750,297.9889,31.49,44
UnitedStates-East-Reading-Pennsylvania,Reading,Pennsylvania,East,4,873.7120,-268.7642,-30.76,16
UnitedStates-East-Revere-Massachusetts,Revere,Massachusetts,East,3,833.2600,258.8366,31.06,24
UnitedStates-East-Rochester-NewYork,Rochester,New York,East,20,6017.1300,1223.2151,20.33,120
UnitedStates-East-Rockville-Maryland,Rockville,Maryland,East,3,469.7700,133.2147,28.36,11
UnitedStates-East-Rome-NewYork,Rome,New York,East,3,534.8520,154.2138,28.83,22
UnitedStates-East-Shelton-Connecticut,Shelton,Connecticut,East,1,73.3300,21.4053,29.19,5
UnitedStates-East-Springfield-Ohio,Springfield,Ohio,East,19,5613.1670,-1420.1620,-25.30,137
UnitedStates-East-Toledo-Ohio,Toledo,Ohio,East,15,4466.0530,-339.9968,-7.61,122
UnitedStates-East-Troy-NewYork,Troy,New York,East,6,1326.5560,330.4355,24.91,57
UnitedStates-East-Troy-Ohio,Troy,Ohio,East,8,3180.5350,-874.5873,-27.50,55
UnitedStates-East-Utica-NewYork,Utica,New York,East,4,655.0400,188.5596,28.79,33
UnitedStates-East-Vineland-NewJersey,Vineland,New Jersey,East,4,647.9660,62.2518,9.61,24
UnitedStates-East-Warwick-RhodeIsland,Warwick,Rhode Island,East,4,2426.8400,1063.7956,43.83,14
UnitedStates-East-Washington-DistrictofColumbia,Washington,District of Columbia,East,4,2865.0200,1059.5893,36.98,40
UnitedStates-East-Waterbury-Connecticut,Waterbury,Connecticut,East,5,1326.0600,338.9355,25.56,33
UnitedStates-East-Watertown-NewYork,Watertown,New York,East,7,4044.9980,907.0072,22.42,35
UnitedStates-East-Westfield-NewJersey,Westfield,New Jersey,East,4,519.7200,153.1758,29.47,16
UnitedStates-East-Wheeling-WestVirginia,Wheeling,West Virginia,East,2,1209.8240,185.9216,15.37,18
UnitedStates-East-Wilmington-Delaware,Wilmington,Delaware,East,9,6553.8990,1775.0723,27.08,120
UnitedStates-East-Woonsocket-RhodeIsland,Woonsocket,Rhode Island,East,3,195.5500,78.6791,40.23,15
UnitedStates-East-Yonkers-NewYork,Yonkers,New York,East,6,7657.6660,2767.7557,36.14,57
UnitedStates-East-York-Pennsylvania,York,Pennsylvania,East,2,817.9780,-102.1692,-12.49,19
UnitedStates-South-Alexandria-Virginia,Alexandria,Virginia,South,6,5519.5700,318.6183,5.77,84
UnitedStates-South-Apopka-Florida,Apopka,Florida,South,3,904.5540,54.3634,6.01,31
UnitedStates-South-Arlington-Virginia,Arlington,Virginia,South,21,14366.7600,4424.0855,30.79,128
UnitedStates-South-Asheville-NorthCarolina,Asheville,North Carolina,South,6,1475.3760,77.5074,5.25,28
UnitedStates-South-Athens-Georgia,Athens,Georgia,South,5,1720.8100,479.3221,27.85,30
UnitedStates-South-Atlanta-Georgia,Atlanta,Georgia,South,17,17197.8400,6993.6629,40.67,156
UnitedStates-South-Auburn-Alabama,Auburn,Alabama,South,3,1766.8300,452.6071,25.62,16
UnitedStates-South-Bartlett-Tennessee,Bartlett,Tennessee,South,1,88.9600,10.0080,11.25,8
UnitedStates-South-BocaRaton-Florida,Boca Raton,Florida,South,2,63.0080,-22.6456,-35.94,8
UnitedStates-South-BossierCity-Louisiana,Bossier City,Louisiana,South,2,1417.1800,336.9608,23.78,24
UnitedStates-South-BowlingGreen-Kentucky,Bowling Green,Kentucky,South,2,211.8100,67.1168,31.69,5
UnitedStates-South-BoyntonBeach-Florida,Boynton Beach,Florida,South,4,469.5850,50.6615,10.79,28
UnitedStates-South-Bristol-Tennessee,Bristol,Tennessee,South,4,436.6020,-126.5204,-28.98,14
UnitedStates-South-Burlington-NorthCarolina,Burlington,North Carolina,South,7,12681.2820,-5894.5269,-46.48,46
UnitedStates-South-Cary-NorthCarolina,Cary,North Carolina,South,3,505.2080,54.0386,10.70,19
UnitedStates-South-ChapelHill-NorthCarolina,Chapel Hill,North Carolina,South,1,14.0160,4.7304,33.75,3
UnitedStates-South-Charlotte-NorthCarolina,Charlotte,North Carolina,South,24,13693.3390,-429.7824,-3.14,243
UnitedStates-South-Charlottesville-Virginia,Charlottesville,Virginia,South,2,102.6100,22.6278,22.05,7
UnitedStates-South-Chattanooga-Tennessee,Chattanooga,Tennessee,South,6,988.8030,27.1918,2.75,38
UnitedStates-South-Chesapeake-Virginia,Chesapeake,Virginia,South,10,5996.7200,1262.7870,21.06,72
UnitedStates-South-Clarksville-Tennessee,Clarksville,Tennessee,South,3,2217.7300,-1055.3532,-47.59,27
UnitedStates-South-Columbia-SouthCarolina,Columbia,South Carolina,South,11,6168.1600,1388.3777,22.51,119
UnitedStates-South-Columbia-Tennessee,Columbia,Tennessee,South,10,5162.7740,-664.2566,-12.87,69
UnitedStates-South-Columbus-Georgia,Columbus,Georgia,South,40,14845.0500,4104.1219,27.65,258
UnitedStates-South-Concord-NorthCarolina,Concord,North Carolina,South,5,5111.8440,-1788.6868,-34.99,44
UnitedStates-South-Conway-Arkansas,Conway,Arkansas,South,1,301.9600,45.2940,15.00,2
UnitedStates-South-CoralGables-Florida,Coral Gables,Florida,South,1,64.2480,22.3578,34.80,6
UnitedStates-South-CoralSprings-Florida,Coral Springs,Florida,South,4,824.9920,18.5568,2.25,21
UnitedStates-South-DaytonaBeach-Florida,Daytona Beach,Florida,South,2,272.3315,-52.3340,-19.22,10
UnitedStates-South-Decatur-Alabama,Decatur,Alabama,South,7,3374.8200,1000.0881,29.63,52
UnitedStates-South-DelrayBeach-Florida,Delray Beach,Florida,South,2,242.5360,29.0542,11.98,11
UnitedStates-South-Deltona-Florida,Deltona,Florida,South,4,893.2400,122.1344,13.67,19
UnitedStates-South-Durham-NorthCarolina,Durham,North Carolina,South,5,879.9600,116.8699,13.28,33
UnitedStates-South-EastPoint-Georgia,East Point,Georgia,South,1,268.4000,102.0138,38.01,7
UnitedStates-South-Fayetteville-Arkansas,Fayetteville,Arkansas,South,8,3742.8100,1691.9419,45.21,51
UnitedStates-South-Fayetteville-NorthCarolina,Fayetteville,North Carolina,South,12,3183.1160,126.7273,3.98,117
UnitedStates-South-Florence-Alabama,Florence,Alabama,South,3,1997.3500,248.6589,12.45,24
UnitedStates-South-Florence-Kentucky,Florence,Kentucky,South,4,4559.8000,1837.3541,40.29,38
UnitedStates-South-Florence-SouthCarolina,Florence,South Carolina,South,4,1064.5700,82.9531,7.79,29
UnitedStates-South-FortLauderdale-Florida,Fort Lauderdale,Florida,South,12,4929.5325,-161.3551,-3.27,65
UnitedStates-South-Franklin-Tennessee,Franklin,Tennessee,South,6,948.2280,-92.5360,-9.76,31
UnitedStates-South-Gastonia-NorthCarolina,Gastonia,North Carolina,South,1,895.0600,-14.7436,-1.65,16
UnitedStates-South-Georgetown-Kentucky,Georgetown,Kentucky,South,3,1786.4200,402.7600,22.55,35
UnitedStates-South-Goldsboro-NorthCarolina,Goldsboro,North Carolina,South,1,34.9440,3.0576,8.75,3
UnitedStates-South-Greensboro-NorthCarolina,Greensboro,North Carolina,South,8,2406.7800,-122.9534,-5.11,50
UnitedStates-South-Greenville-NorthCarolina,Greenville,North Carolina,South,5,2117.8300,-548.9884,-25.92,27
UnitedStates-South-Gulfport-Mississippi,Gulfport,Mississippi,South,3,166.5000,77.5761,46.59,20
UnitedStates-South-Hampton-Virginia,Hampton,Virginia,South,5,2722.2600,953.8323,35.04,48
UnitedStates-South-Harrisonburg-Virginia,Harrisonburg,Virginia,South,4,4388.7100,889.5239,20.27,25
UnitedStates-South-Hattiesburg-Mississippi,Hattiesburg,Mississippi,South,3,1722.8400,582.0694,33.79,38
UnitedStates-South-Henderson-Kentucky,Henderson,Kentucky,South,17,15661.0100,4518.8169,28.85,185
UnitedStates-South-Hendersonville-Tennessee,Hendersonville,Tennessee,South,2,319.5380,-45.3867,-14.20,22
UnitedStates-South-Hialeah-Florida,Hialeah,Florida,South,10,2338.9490,-179.2275,-7.66,76
UnitedStates-South-Hickory-NorthCarolina,Hickory,North Carolina,South,2,40.7640,-1.0956,-2.69,5
UnitedStates-South-Hollywood-Florida,Hollywood,Florida,South,8,1070.4740,108.2012,10.11,44
UnitedStates-South-Homestead-Florida,Homestead,Florida,South,2,132.5520,22.3291,16.85,5
UnitedStates-South-Hoover-Alabama,Hoover,Alabama,South,2,525.8500,18.7173,3.56,15
UnitedStates-South-HotSprings-Arkansas,Hot Springs,Arkansas,South,2,245.8300,62.0838,25.25,15
UnitedStates-South-Huntsville-Alabama,Huntsville,Alabama,South,7,2484.3700,1005.2572,40.46,40
UnitedStates-South-Jackson-Mississippi,Jackson,Mississippi,South,18,7426.6100,2100.4405,28.28,138
UnitedStates-South-Jackson-Tennessee,Jackson,Tennessee,South,5,2117.2120,-43.9569,-2.08,48
UnitedStates-South-Jacksonville-Florida,Jacksonville,Florida,South,38,39133.3280,-2445.6608,-6.25,248
UnitedStates-South-Jacksonville-NorthCarolina,Jacksonville,North Carolina,South,23,5579.8550,121.8258,2.18,181
UnitedStates-South-JohnsonCity-Tennessee,Johnson City,Tennessee,South,3,765.8480,11.8562,1.55,43
UnitedStates-South-Jonesboro-Arkansas,Jonesboro,Arkansas,South,5,2915.3200,801.1113,27.48,53
UnitedStates-South-Jupiter-Florida,Jupiter,Florida,South,1,2.0640,0.1548,7.50,1
UnitedStates-South-Kenner-Louisiana,Kenner,Louisiana,South,1,89.3200,19.7976,22.16,4
UnitedStates-South-Kissimmee-Florida,Kissimmee,Florida,South,1,751.9840,84.5982,11.25,2
UnitedStates-South-Knoxville-Tennessee,Knoxville,Tennessee,South,10,3928.1660,-1165.0755,-29.66,81
UnitedStates-South-Lafayette-Louisiana,Lafayette,Louisiana,South,10,5405.7500,1042.2903,19.28,61
UnitedStates-South-LakeCharles-Louisiana,Lake Charles,Louisiana,South,2,547.4100,241.2558,44.07,16
UnitedStates-South-Lakeland-Florida,Lakeland,Florida,South,6,5606.8865,-188.6365,-3.36,74
UnitedStates-South-Lebanon-Tennessee,Lebanon,Tennessee,South,3,488.8960,83.8057,17.14,14
UnitedStates-South-LittleRock-Arkansas,Little Rock,Arkansas,South,6,3560.3500,1154.6691,32.43,90
UnitedStates-South-Louisville-Kentucky,Louisville,Kentucky,South,17,7275.3900,1975.8966,27.16,131
UnitedStates-South-Macon-Georgia,Macon,Georgia,South,4,364.0100,144.8535,39.79,24
UnitedStates-South-Margate-Florida,Margate,Florida,South,1,15.5520,2.3328,15.00,3
UnitedStates-South-Marietta-Georgia,Marietta,Georgia,South,3,2938.6200,512.1456,17.43,33
UnitedStates-South-Melbourne-Florida,Melbourne,Florida,South,1,95.6160,9.5616,10.00,2
UnitedStates-South-Memphis-Tennessee,Memphis,Tennessee,South,14,5942.3410,-1479.0400,-24.89,116
UnitedStates-South-Miami-Florida,Miami,Florida,South,34,8673.0745,-1150.3704,-13.26,215
UnitedStates-South-Miramar-Florida,Miramar,Florida,South,3,1531.1920,32.2810,2.11,41
UnitedStates-South-Mobile-Alabama,Mobile,Alabama,South,4,5462.9900,2175.8292,39.83,52
UnitedStates-South-Monroe-Louisiana,Monroe,Louisiana,South,6,1757.3700,555.7978,31.63,51
UnitedStates-South-Monroe-NorthCarolina,Monroe,North Carolina,South,6,1213.0640,140.8264,11.61,22
UnitedStates-South-Montgomery-Alabama,Montgomery,Alabama,South,6,3722.7300,834.6571,22.42,48
UnitedStates-South-MountPleasant-SouthCarolina,Mount Pleasant,South Carolina,South,1,545.9400,87.3504,16.00,6
UnitedStates-South-Murfreesboro-Tennessee,Murfreesboro,Tennessee,South,4,337.3330,15.6891,4.65,30
UnitedStates-South-Murray-Kentucky,Murray,Kentucky,South,2,264.6200,94.4658,35.70,8
UnitedStates-South-Nashville-Tennessee,Nashville,Tennessee,South,16,6070.8630,-837.4908,-13.80,114
UnitedStates-South-NewportNews-Virginia,Newport News,Virginia,South,5,3321.9500,1197.0469,36.03,43
UnitedStates-South-NorthCharleston-SouthCarolina,North Charleston,South Carolina,South,2,284.2500,9.6702,3.40,5
UnitedStates-South-NorthMiami-Florida,North Miami,Florida,South,2,22.1280,3.0798,13.92,6
UnitedStates-South-Orlando-Florida,Orlando,Florida,South,6,1740.0800,377.7253,21.71,39
UnitedStates-South-OrmondBeach-Florida,Ormond Beach,Florida,South,1,2.8080,-1.9656,-70.00,3
UnitedStates-South-Owensboro-Kentucky,Owensboro,Kentucky,South,2,71.1800,27.6428,38.84,5
UnitedStates-South-PalmCoast-Florida,Palm Coast,Florida,South,3,274.4280,17.6552,6.43,20
UnitedStates-South-PembrokePines-Florida,Pembroke Pines,Florida,South,4,1714.3755,-72.4491,-4.23,47
UnitedStates-South-Pensacola-Florida,Pensacola,Florida,South,1,2.2140,-1.4760,-66.67,3
UnitedStates-South-PineBluff-Arkansas,Pine Bluff,Arkansas,South,1,212.9100,70.2048,32.97,7
UnitedStates-South-Plantation-Florida,Plantation,Florida,South,3,1436.8360,12.0391,0.84,45
UnitedStates-South-PompanoBeach-Florida,Pompano Beach,Florida,South,2,90.4400,15.0065,16.59,12
UnitedStates-South-PortOrange-Florida,Port Orange,Florida,South,1,7.8240,2.9340,37.50,1
UnitedStates-South-PortSaintLucie-Florida,Port Saint Lucie,Florida,South,3,248.9500,4.4490,1.79,11
UnitedStates-South-Raleigh-NorthCarolina,Raleigh,North Carolina,South,13,4507.5400,472.5940,10.48,77
UnitedStates-South-Richmond-Kentucky,Richmond,Kentucky,South,14,6761.5200,2275.6436,33.66,116
UnitedStates-South-Richmond-Virginia,Richmond,Virginia,South,13,5141.2600,1409.7430,27.42,113
UnitedStates-South-RockHill-SouthCarolina,Rock Hill,South Carolina,South,1,11.8500,3.7920,32.00,3
UnitedStates-South-Rogers-Arkansas,Rogers,Arkansas,South,1,40.4100,18.5886,46.00,9
UnitedStates-South-Roswell-Georgia,Roswell,Georgia,South,9,6652.3200,2427.4353,36.49,64
UnitedStates-South-SaintPetersburg-Florida,Saint Petersburg,Florida,South,6,1690.7920,151.9823,8.99,53
UnitedStates-South-Salem-Virginia,Salem,Virginia,South,6,2039.5500,533.0251,26.13,49
UnitedStates-South-SandySprings-Georgia,Sandy Springs,Georgia,South,4,1997.0300,520.5891,26.07,47
UnitedStates-South-Sanford-Florida,Sanford,Florida,South,1,225.5460,-11.8272,-5.24,9
UnitedStates-South-Smyrna-Georgia,Smyrna,Georgia,South,5,2390.3100,807.3319,33.78,60
UnitedStates-South-Smyrna-Tennessee,Smyrna,Tennessee,South,4,848.5790,19.3717,2.28,26
UnitedStates-South-Southaven-Mississippi,Southaven,Mississippi,South,2,1455.3900,412.8902,28.37,25
UnitedStates-South-Springdale-Arkansas,Springdale,Arkansas,South,1,4.3000,1.4190,33.00,2
UnitedStates-South-Springfield-Virginia,Springfield,Virginia,South,25,16628.5300,4568.5789,27.47,198
UnitedStates-South-Suffolk-Virginia,Suffolk,Virginia,South,4,1597.9000,389.8122,24.40,32
UnitedStates-South-Summerville-SouthCarolina,Summerville,South Carolina,South,1,406.9400,196.9132,48.39,10
UnitedStates-South-Tallahassee-Florida,Tallahassee,Florida,South,9,7250.6690,392.7116,5.42,89
UnitedStates-South-Tamarac-Florida,Tamarac,Florida,South,2,1413.5100,-351.8961,-24.90,15
UnitedStates-South-Tampa-Florida,Tampa,Florida,South,14,5196.0805,-325.2366,-6.26,105
UnitedStates-South-Texarkana-Arkansas,Texarkana,Arkansas,South,2,654.2400,163.3746,24.97,11
UnitedStates-South-Thomasville-NorthCarolina,Thomasville,North Carolina,South,2,151.2920,33.3939,22.07,12
UnitedStates-South-Tuscaloosa-Alabama,Tuscaloosa,Alabama,South,2,175.7000,51.0104,29.03,9
UnitedStates-South-VirginiaBeach-Virginia,Virginia Beach,Virginia,South,11,5752.1300,2024.8837,35.20,62
UnitedStates-South-WarnerRobins-Georgia,Warner Robins,Georgia,South,2,434.8000,53.6884,12.35,10
UnitedStates-South-Waynesboro-Virginia,Waynesboro,Virginia,South,3,3058.7700,603.3858,19.73,32
UnitedStates-South-WestPalmBeach-Florida,West Palm Beach,Florida,South,3,141.3280,31.6092,22.37,11
UnitedStates-South-Wilmington-NorthCarolina,Wilmington,North Carolina,South,9,743.1620,172.6296,23.23,37
UnitedStates-South-Wilson-NorthCarolina,Wilson,North Carolina,South,3,368.7320,-14.3360,-3.89,20
UnitedStates-South-Woodstock-Georgia,Woodstock,Georgia,South,1,286.6500,104.8788,36.59,16
UnitedStates-West-Albuquerque-NewMexico,Albuquerque,New Mexico,West,7,2220.1600,634.0881,28.56,65
UnitedStates-West-Anaheim-California,Anaheim,California,West,9,7986.8700,1234.0036,15.45,112
UnitedStates-West-Antioch-California,Antioch,California,West,1,19.4400,9.3312,48.00,3
UnitedStates-West-AppleValley-California,Apple Valley,California,West,3,1915.0810,283.6184,14.81,27
UnitedStates-West-Arvada-Colorado,Arvada,Colorado,West,1,503.4000,59.8556,11.89,10
UnitedStates-West-Auburn-Washington,Auburn,Washington,West,1,4.1800,1.5048,36.00,1
UnitedStates-West-Aurora-Colorado,Aurora,Colorado,West,15,4083.5100,-797.0190,-19.52,130
UnitedStates-West-Avondale-Arizona,Avondale,Arizona,West,3,946.8080,76.1690,8.04,30
UnitedStates-West-Bakersfield-California,Bakersfield,California,West,8,1377.2900,187.9247,13.64,47
UnitedStates-West-Bellevue-Washington,Bellevue,Washington,West,5,103.6220,37.0548,35.76,18
UnitedStates-West-Bellingham-Washington,Bellingham,Washington,West,2,3790.2400,610.5908,16.11,24
UnitedStates-West-Billings-Montana,Billings,Montana,West,1,8.2880,2.6936,32.50,2
UnitedStates-West-Boise-Idaho,Boise,Idaho,West,3,1094.4700,221.9373,20.28,9
UnitedStates-West-Bozeman-Montana,Bozeman,Montana,West,1,43.6600,20.8106,47.67,5
UnitedStates-West-Brentwood-California,Brentwood,California,West,6,5090.1140,1216.8104,23.91,66
UnitedStates-West-Broomfield-Colorado,Broomfield,Colorado,West,2,793.5040,62.4450,7.87,23
UnitedStates-West-BullheadCity-Arizona,Bullhead City,Arizona,West,1,22.2880,6.7232,30.17,3
UnitedStates-West-Burbank-California,Burbank,California,West,1,3247.1580,764.5338,23.54,13
UnitedStates-West-Caldwell-Idaho,Caldwell,Idaho,West,1,455.6320,58.6966,12.88,11
UnitedStates-West-Camarillo-California,Camarillo,California,West,2,1467.5175,158.7956,10.82,16
UnitedStates-West-Carlsbad-NewMexico,Carlsbad,New Mexico,West,5,419.3400,157.7661,37.62,35
UnitedStates-West-Chandler-Arizona,Chandler,Arizona,West,6,1076.7470,81.4605,7.57,23
UnitedStates-West-Cheyenne-Wyoming,Cheyenne,Wyoming,West,1,1603.1360,100.1960,6.25,4
UnitedStates-West-Chico-California,Chico,California,West,3,2050.1780,205.1254,10.01,43
UnitedStates-West-ChulaVista-California,Chula Vista,California,West,3,1041.6200,248.4346,23.85,13
UnitedStates-West-CitrusHeights-California,Citrus Heights,California,West,1,129.3900,54.3438,42.00,3
UnitedStates-West-Clovis-NewMexico,Clovis,New Mexico,West,1,111.4200,11.6352,10.44,10
UnitedStates-West-Coachella-California,Coachella,California,West,1,163.5500,47.1736,28.84,3
UnitedStates-West-ColoradoSprings-Colorado,Colorado Springs,Colorado,West,9,3694.0090,-956.6841,-25.90,110
UnitedStates-West-CommerceCity-Colorado,Commerce City,Colorado,West,1,146.3520,-32.9292,-22.50,3
UnitedStates-West-Concord-California,Concord,California,West,6,2602.9280,282.4208,10.85,26
UnitedStates-West-CostaMesa-California,Costa Mesa,California,West,5,1497.6700,297.2089,19.84,42
UnitedStates-West-Covington-Washington,Covington,Washington,West,2,413.6800,115.1094,27.83,20
UnitedStates-West-Danville-California,Danville,California,West,1,1158.8820,282.4405,24.37,31
UnitedStates-West-Davis-California,Davis,California,West,1,32.4000,15.5520,48.00,5
UnitedStates-West-Denver-Colorado,Denver,Colorado,West,17,12198.7930,-244.9200,-2.01,164
UnitedStates-West-DesMoines-Washington,Des Moines,Washington,West,5,3454.4380,1250.3434,36.20,17
UnitedStates-West-Draper-Utah,Draper,Utah,West,2,263.6500,92.7255,35.17,13
UnitedStates-West-Dublin-California,Dublin,California,West,1,22.0000,1.3750,6.25,5
UnitedStates-West-Edmonds-Washington,Edmonds,Washington,West,5,2523.6920,634.2478,25.13,42
UnitedStates-West-ElCajon-California,El Cajon,California,West,2,865.6160,52.6872,6.09,6
UnitedStates-West-Encinitas-California,Encinitas,California,West,2,591.9810,71.0588,12.00,13
UnitedStates-West-Englewood-Colorado,Englewood,Colorado,West,1,124.0560,13.7547,11.09,6
UnitedStates-West-Escondido-California,Escondido,California,West,3,94.5480,27.7530,29.35,9
UnitedStates-West-Eugene-Oregon,Eugene,Oregon,West,1,1465.0320,134.0372,9.15,23
UnitedStates-West-Everett-Washington,Everett,Washington,West,1,3.8560,1.3978,36.25,1
UnitedStates-West-Fairfield-California,Fairfield,California,West,2,1470.5840,117.9774,8.02,30
UnitedStates-West-Farmington-NewMexico,Farmington,New Mexico,West,3,718.7200,169.4115,23.57,11
UnitedStates-West-FortCollins-Colorado,Fort Collins,Colorado,West,5,935.2520,-252.6926,-27.02,20
UnitedStates-West-Fresno-California,Fresno,California,West,11,7888.5285,948.2681,12.02,106
UnitedStates-West-Gilbert-Arizona,Gilbert,Arizona,West,5,4172.3820,138.2530,3.31,58
UnitedStates-West-Glendale-Arizona,Glendale,Arizona,West,13,2917.8650,182.8598,6.27,67
UnitedStates-West-GreatFalls-Montana,Great Falls,Montana,West,3,4605.5800,1582.7071,34.36,30
UnitedStates-West-Greeley-Colorado,Greeley,Colorado,West,1,30.3520,10.3614,34.14,5
UnitedStates-West-Gresham-Oregon,Gresham,Oregon,West,4,2133.4240,150.8644,7.07,28
UnitedStates-West-Helena-Montana,Helena,Montana,West,2,443.8400,74.6222,16.81,17
UnitedStates-West-Henderson-Nevada,Henderson,Nevada,West,2,1888.0580,393.0440,20.82,13
UnitedStates-West-Hesperia-California,Hesperia,California,West,3,1213.1715,98.5269,8.12,18
UnitedStates-West-Hillsboro-Oregon,Hillsboro,Oregon,West,2,87.8380,1.5455,1.76,14
UnitedStates-West-HuntingtonBeach-California,Huntington Beach,California,West,5,2527.8200,880.0392,34.81,19
UnitedStates-West-Inglewood-California,Inglewood,California,West,4,3479.3280,1026.6960,29.51,53
UnitedStates-West-Kent-Washington,Kent,Washington,West,3,1351.2540,603.0963,44.63,28
UnitedStates-West-LaMesa-California,La Mesa,California,West,1,367.5300,114.3870,31.12,8
UnitedStates-West-LaQuinta-California,La Quinta,California,West,1,46.3200,18.0648,39.00,4
UnitedStates-West-LagunaNiguel-California,Laguna Niguel,California,West,3,290.9830,41.9815,14.43,15
UnitedStates-West-LakeElsinore-California,Lake Elsinore,California,West,1,283.9200,17.7450,6.25,5
UnitedStates-West-LakeForest-California,Lake Forest,California,West,2,1625.5360,327.5314,20.15,17
UnitedStates-West-Lakewood-California,Lakewood,California,West,5,1583.6830,43.9624,2.78,35
UnitedStates-West-Lancaster-California,Lancaster,California,West,4,477.4440,79.4372,16.64,15
UnitedStates-West-LasCruces-NewMexico,Las Cruces,New Mexico,West,3,98.7700,43.9394,44.49,9
UnitedStates-West-LasVegas-Nevada,Las Vegas,Nevada,West,8,1834.0200,332.4433,18.13,61
UnitedStates-West-Layton-Utah,Layton,Utah,West,1,4.9600,2.3312,47.00,4
UnitedStates-West-Lehi-Utah,Lehi,Utah,West,2,1516.7260,451.6626,29.78,8
UnitedStates-West-Lewiston-Idaho,Lewiston,Idaho,West,1,9.5840,3.3544,35.00,1
UnitedStates-West-Littleton-Colorado,Littleton,Colorado,West,1,72.2940,-98.8018,-136.67,1
UnitedStates-West-Lodi-California,Lodi,California,West,2,136.9800,44.4858,32.48,9
UnitedStates-West-Logan-Utah,Logan,Utah,West,1,280.2760,46.9632,16.76,21
UnitedStates-West-LongBeach-California,Long Beach,California,West,11,4933.8300,746.3956,15.13,114
UnitedStates-West-Longmont-Colorado,Longmont,Colorado,West,2,915.0880,34.8252,3.81,10
UnitedStates-West-Longview-Washington,Longview,Washington,West,2,119.2100,38.8983,32.63,10
UnitedStates-West-LosAngeles-California,Los Angeles,California,West,384,175851.3410,30440.7579,17.31,2879
UnitedStates-West-Louisville-Colorado,Louisville,Colorado,West,12,5070.4160,-3406.2095,-67.18,90
UnitedStates-West-Loveland-Colorado,Loveland,Colorado,West,3,20.9640,4.4778,21.36,8
UnitedStates-West-Manteca-California,Manteca,California,West,2,452.1820,172.2358,38.09,8
UnitedStates-West-Marysville-Washington,Marysville,Washington,West,2,102.1800,3.3150,3.24,15
UnitedStates-West-Medford-Oregon,Medford,Oregon,West,3,90.2180,19.7009,21.84,10
UnitedStates-West-Meridian-Idaho,Meridian,Idaho,West,2,329.0520,95.2140,28.94,11
UnitedStates-West-Mesa-Arizona,Mesa,Arizona,West,14,4037.7400,-559.2314,-13.85,128
UnitedStates-West-MissionViejo-California,Mission Viejo,California,West,3,775.9860,151.0645,19.47,18
UnitedStates-West-Missoula-Montana,Missoula,Montana,West,1,487.9840,152.4950,31.25,2
UnitedStates-West-Modesto-California,Modesto,California,West,3,326.1500,19.9430,6.11,10
UnitedStates-West-Montebello-California,Montebello,California,West,1,27.8800,3.9032,14.00,2
UnitedStates-West-MorenoValley-California,Moreno Valley,California,West,5,1262.4660,353.6301,28.01,42
UnitedStates-West-MorganHill-California,Morgan Hill,California,West,1,545.0100,7.8460,1.44,16
UnitedStates-West-Murray-Utah,Murray,Utah,West,2,146.3180,37.0628,25.33,15
UnitedStates-West-Murrieta-California,Murrieta,California,West,1,484.6500,92.0835,19.00,3
UnitedStates-West-NorthLasVegas-Nevada,North Las Vegas,Nevada,West,7,9801.0020,2247.6899,22.93,58
UnitedStates-West-Oakland-California,Oakland,California,West,13,5964.4180,834.1029,13.98,107
UnitedStates-West-Oceanside-California,Oceanside,California,West,5,499.6120,117.5130,23.52,25
UnitedStates-West-Olympia-Washington,Olympia,Washington,West,3,1020.4480,139.6269,13.68,15
UnitedStates-West-Ontario-California,Ontario,California,West,1,283.9200,-46.1370,-16.25,5
UnitedStates-West-Orem-Utah,Orem,Utah,West,5,2994.0880,514.6335,17.19,32
UnitedStates-West-Oxnard-California,Oxnard,California,West,4,1558.1000,346.4577,22.24,31
UnitedStates-West-Parker-Colorado,Parker,Colorado,West,2,1067.9420,-164.1893,-15.37,24
UnitedStates-West-Pasadena-California,Pasadena,California,West,11,4112.6880,429.9769,10.45,97
UnitedStates-West-Pasco-Washington,Pasco,Washington,West,2,2201.1120,357.5244,16.24,27
UnitedStates-West-Peoria-Arizona,Peoria,Arizona,West,5,1341.3520,-55.1076,-4.11,57
UnitedStates-West-Phoenix-Arizona,Phoenix,Arizona,West,29,11000.2570,-2790.8832,-25.37,224
UnitedStates-West-PicoRivera-California,Pico Rivera,California,West,1,145.9000,62.7370,43.00,5
UnitedStates-West-PleasantGrove-Utah,Pleasant Grove,Utah,West,2,2138.1780,580.6549,27.16,30
UnitedStates-West-Pocatello-Idaho,Pocatello,Idaho,West,3,1344.9420,181.3559,13.48,25
UnitedStates-West-Pomona-California,Pomona,California,West,5,1482.5020,150.2990,10.14,34
UnitedStates-West-Portland-Oregon,Portland,Oregon,West,15,4051.8690,9.7573,0.24,92
UnitedStates-West-Provo-Utah,Provo,Utah,West,4,2761.2340,388.5674,14.07,38
UnitedStates-West-Pueblo-Colorado,Pueblo,Colorado,West,4,1686.9380,-900.9719,-53.41,42
UnitedStates-West-RanchoCucamonga-California,Rancho Cucamonga,California,West,4,231.8520,73.7442,31.81,14
UnitedStates-West-Redding-California,Redding,California,West,1,333.5760,25.0182,7.50,3
UnitedStates-West-Redlands-California,Redlands,California,West,4,2891.0210,454.1556,15.71,61
UnitedStates-West-Redmond-Oregon,Redmond,Oregon,West,4,1043.0270,-174.4500,-16.73,42
UnitedStates-West-Redmond-Washington,Redmond,Washington,West,2,55.2300,20.7322,37.54,10
UnitedStates-West-RedondoBeach-California,Redondo Beach,California,West,3,1959.8030,176.4289,9.00,35
UnitedStates-West-RedwoodCity-California,Redwood City,California,West,1,41.9040,14.1426,33.75,6
UnitedStates-West-Reno-Nevada,Reno,Nevada,West,3,644.0620,115.0527,17.86,17
UnitedStates-West-Renton-Washington,Renton,Washington,West,1,1242.6320,185.4324,14.92,14
UnitedStates-West-RioRancho-NewMexico,Rio Rancho,New Mexico,West,1,1114.1920,119.5878,10.73,7
UnitedStates-West-Riverside-California,Riverside,California,West,9,1944.2460,374.7296,19.27,40
UnitedStates-West-Roseville-California,Roseville,California,West,7,734.7760,316.9450,43.13,55
UnitedStates-West-Sacramento-California,Sacramento,California,West,8,7311.2780,2069.6859,28.31,36
UnitedStates-West-Salem-Oregon,Salem,Oregon,West,9,1404.6950,-262.3311,-18.68,101
UnitedStates-West-Salinas-California,Salinas,California,West,4,728.8910,270.5181,37.11,39
UnitedStates-West-SaltLakeCity-Utah,Salt Lake City,Utah,West,5,802.7760,329.2601,41.02,42
UnitedStates-West-SanBernardino-California,San Bernardino,California,West,4,979.3000,69.9820,7.15,33
UnitedStates-West-SanClemente-California,San Clemente,California,West,1,90.0580,42.5419,47.24,10
UnitedStates-West-SanDiego-California,San Diego,California,West,88,47521.0290,6377.1960,13.42,670
UnitedStates-West-SanFrancisco-California,San Francisco,California,West,265,112669.0920,17507.3854,15.54,1935
UnitedStates-West-SanGabriel-California,San Gabriel,California,West,1,2061.0100,290.8953,14.11,13
UnitedStates-West-SanJose-California,San Jose,California,West,20,6071.2290,1216.0579,20.03,159
UnitedStates-West-SanLuisObispo-California,San Luis Obispo,California,West,1,3.6200,1.1946,33.00,2
UnitedStates-West-SanMateo-California,San Mateo,California,West,1,75.1800,35.3346,47.00,6
UnitedStates-West-SantaAna-California,Santa Ana,California,West,8,3366.3100,836.7465,24.86,55
UnitedStates-West-SantaBarbara-California,Santa Barbara,California,West,5,4289.2340,457.2858,10.66,30
UnitedStates-West-SantaClara-California,Santa Clara,California,West,3,222.1920,76.0016,34.21,23
UnitedStates-West-SantaFe-NewMexico,Santa Fe,New Mexico,West,2,100.9200,20.6880,20.50,14
UnitedStates-West-SantaMaria-California,Santa Maria,California,West,1,115.4400,30.0144,26.00,3
UnitedStates-West-Scottsdale-Arizona,Scottsdale,Arizona,West,7,1466.3070,-89.4879,-6.10,55
UnitedStates-West-Seattle-Washington,Seattle,Washington,West,212,119540.7420,29156.0967,24.39,1590
UnitedStates-West-SierraVista-Arizona,Sierra Vista,Arizona,West,2,76.0720,16.8281,22.12,9
UnitedStates-West-Sparks-Nevada,Sparks,Nevada,West,3,2561.9600,228.5360,8.92,19
UnitedStates-West-Spokane-Washington,Spokane,Washington,West,5,2027.9180,172.2261,8.49,36
UnitedStates-West-Springfield-Oregon,Springfield,Oregon,West,15,5761.2650,-853.3086,-14.81,163
UnitedStates-West-Stockton-California,Stockton,California,West,5,1227.6000,339.5264,27.66,34
UnitedStates-West-Sunnyvale-California,Sunnyvale,California,West,2,636.2100,107.5073,16.90,23
UnitedStates-West-Temecula-California,Temecula,California,West,1,808.6660,101.8869,12.60,14
UnitedStates-West-Tempe-Arizona,Tempe,Arizona,West,6,1070.3020,95.4496,8.92,41
UnitedStates-West-Thornton-Colorado,Thornton,Colorado,West,3,765.2480,140.8398,18.40,47
UnitedStates-West-ThousandOaks-California,Thousand Oaks,California,West,4,238.8040,99.9140,41.84,20
UnitedStates-West-Tigard-Oregon,Tigard,Oregon,West,3,1393.7820,-216.2861,-15.52,26
UnitedStates-West-Torrance-California,Torrance,California,West,2,3132.2680,545.1510,17.40,16
UnitedStates-West-Tucson-Arizona,Tucson,Arizona,West,13,6313.0160,-64.9668,-1.03,145
UnitedStates-West-TwinFalls-Idaho,Twin Falls,Idaho,West,1,1148.8060,266.1649,23.17,7
UnitedStates-West-Vacaville-California,Vacaville,California,West,1,423.2800,110.0528,26.00,11
UnitedStates-West-Vallejo-California,Vallejo,California,West,3,1221.4100,336.0355,27.51,22
UnitedStates-West-Vancouver-Washington,Vancouver,Washington,West,3,686.8360,75.4546,10.99,15
UnitedStates-West-Visalia-California,Visalia,California,West,2,318.7800,88.0478,27.62,20
UnitedStates-West-WestJordan-Utah,West Jordan,Utah,West,2,311.8500,102.6723,32.92,16
UnitedStates-West-Westminster-California,Westminster,California,West,4,3826.6460,763.6886,19.96,50
UnitedStates-West-Whittier-California,Whittier,California,West,1,444.7680,44.4768,10.00,4
UnitedStates-West-Woodland-California,Woodland,California,West,2,264.6620,33.3848,12.61,7
UnitedStates-West-Yucaipa-California,Yucaipa,California,West,1,50.8000,13.2080,26.00,5
UnitedStates-West-Yuma-Arizona,Yuma,Arizona,West,4,840.8650,-465.9909,-55.42,22
